﻿<?xml version="1.0" encoding="utf-8"?><?mso-application progid="Excel.Sheet"?><Workbook xmlns:o="urn:schemas-microsoft-com:office:office" xmlns:x="urn:schemas-microsoft-com:office:excel" xmlns:ss="urn:schemas-microsoft-com:office:spreadsheet" xmlns="urn:schemas-microsoft-com:office:spreadsheet" xmlns:x2="urn:schemas-microsoft-com:office:excel2" xmlns:html="http://www.w3.org/TR/REC-html40" xmlns:dt="uuid:C2F41010-65B3-11d1-A29F-00AA00C14882">
 <x:ExcelWorkbook>
  <x:ActiveSheet>0</x:ActiveSheet>
 </x:ExcelWorkbook>
 <o:DocumentProperties>
  <o:Author>Pranav Hanumanthu</o:Author>
  <o:Created>2025-12-01T14:56:14Z</o:Created>
  <o:LastSaved>2025-12-01T15:00:04Z</o:LastSaved>
 </o:DocumentProperties>
 <Styles>
  <Style ss:ID="Default" ss:Name="Normal">
   <ss:Alignment ss:Vertical="Bottom" />
   <ss:Font ss:Color="#000000" ss:FontName="Aptos Narrow" ss:Size="11" />
  </Style>
  <Style ss:ID="S62" ss:Name="Normal 2">
   <ss:Alignment ss:Vertical="Bottom" />
   <ss:Borders />
   <ss:Font ss:Color="#000000" ss:FontName="Arial" ss:Size="10" />
   <ss:Interior />
   <ss:NumberFormat />
   <ss:Protection ss:Protected="1" x:HideFormula="0" />
  </Style>
  <Style ss:ID="S63" ss:Parent="S62">
   <ss:Alignment ss:Vertical="Bottom" />
   <ss:Borders>
    <ss:Border ss:Position="Top" ss:Color="#000000" ss:LineStyle="Continuous" ss:Weight="2" />
    <ss:Border ss:Position="Right" ss:Color="#000000" ss:LineStyle="Continuous" ss:Weight="2" />
    <ss:Border ss:Position="Bottom" ss:Color="#000000" ss:LineStyle="Continuous" ss:Weight="2" />
   </ss:Borders>
   <ss:Font ss:Bold="1" ss:Color="#000000" ss:FontName="Arial" ss:Size="10" />
   <ss:Interior ss:Color="#FFFFFF" ss:Pattern="Solid" />
  </Style>
  <Style ss:ID="S64" ss:Parent="S62">
   <ss:Alignment ss:Vertical="Bottom" />
   <ss:Borders>
    <ss:Border ss:Position="Left" ss:Color="#000000" ss:LineStyle="Continuous" ss:Weight="2" />
    <ss:Border ss:Position="Top" ss:Color="#000000" ss:LineStyle="Continuous" ss:Weight="2" />
    <ss:Border ss:Position="Right" ss:Color="#000000" ss:LineStyle="Continuous" ss:Weight="2" />
    <ss:Border ss:Position="Bottom" ss:Color="#000000" ss:LineStyle="Continuous" ss:Weight="2" />
   </ss:Borders>
   <ss:Font ss:Bold="1" ss:Color="#000000" ss:FontName="Arial" ss:Size="10" />
   <ss:Interior ss:Color="#FFFFFF" ss:Pattern="Solid" />
   <ss:NumberFormat ss:Format="@" />
  </Style>
  <Style ss:ID="S65" ss:Parent="S62">
   <ss:Alignment ss:Vertical="Top" ss:WrapText="1" />
   <ss:Borders>
    <ss:Border ss:Position="Left" ss:Color="#000000" ss:LineStyle="Continuous" ss:Weight="2" />
    <ss:Border ss:Position="Top" ss:Color="#000000" ss:LineStyle="Continuous" ss:Weight="2" />
    <ss:Border ss:Position="Right" ss:Color="#000000" ss:LineStyle="Continuous" ss:Weight="2" />
    <ss:Border ss:Position="Bottom" ss:Color="#000000" ss:LineStyle="Continuous" ss:Weight="2" />
   </ss:Borders>
   <ss:Font ss:Color="#000000" ss:FontName="Arial" ss:Size="10" />
   <ss:Interior ss:Color="#FFFFFF" ss:Pattern="Solid" />
  </Style>
  <Style ss:ID="S66" ss:Parent="S62">
   <ss:Alignment ss:Vertical="Bottom" />
   <ss:Borders>
    <ss:Border ss:Position="Left" ss:Color="#000000" ss:LineStyle="Continuous" ss:Weight="2" />
    <ss:Border ss:Position="Top" ss:Color="#000000" ss:LineStyle="Continuous" ss:Weight="2" />
    <ss:Border ss:Position="Right" ss:Color="#000000" ss:LineStyle="Continuous" ss:Weight="2" />
    <ss:Border ss:Position="Bottom" ss:Color="#000000" ss:LineStyle="Continuous" ss:Weight="2" />
   </ss:Borders>
   <ss:Font ss:Color="#000000" ss:FontName="Arial" ss:Size="10" />
   <ss:Interior ss:Color="#FFFFFF" ss:Pattern="Solid" />
  </Style>
  <Style ss:ID="S67" ss:Parent="S62">
   <ss:Alignment ss:Vertical="Top" ss:WrapText="1" />
   <ss:Borders>
    <ss:Border ss:Position="Top" ss:Color="#000000" ss:LineStyle="Continuous" ss:Weight="2" />
    <ss:Border ss:Position="Right" ss:Color="#000000" ss:LineStyle="Continuous" ss:Weight="2" />
    <ss:Border ss:Position="Bottom" ss:Color="#000000" ss:LineStyle="Continuous" ss:Weight="2" />
   </ss:Borders>
   <ss:Font ss:Color="#000000" ss:FontName="Arial" ss:Size="10" />
   <ss:Interior ss:Color="#FFFFFF" ss:Pattern="Solid" />
  </Style>
  <Style ss:ID="S68" ss:Parent="S62">
   <ss:Alignment ss:Vertical="Bottom" />
   <ss:Font ss:Color="#000000" ss:FontName="Arial" ss:Size="10" />
  </Style>
  <Style ss:ID="S69" ss:Parent="S62">
   <ss:Alignment ss:Vertical="Bottom" />
   <ss:Font ss:Bold="1" ss:Color="#000000" ss:FontName="Arial" ss:Size="16" ss:Italic="1" ss:Underline="Single" />
   <ss:NumberFormat ss:Format="@" />
  </Style>
  <Style ss:ID="S70" ss:Parent="S62">
   <ss:Alignment ss:Vertical="Bottom" />
   <ss:Font ss:Color="#000000" ss:FontName="Arial" ss:Size="10" />
   <ss:NumberFormat ss:Format="@" />
  </Style>
  <Style ss:ID="S71" ss:Parent="S62">
   <ss:Alignment ss:Vertical="Bottom" />
   <ss:Borders>
    <ss:Border ss:Position="Left" ss:Color="#000000" ss:LineStyle="Continuous" ss:Weight="2" />
    <ss:Border ss:Position="Top" ss:Color="#000000" ss:LineStyle="Continuous" ss:Weight="2" />
    <ss:Border ss:Position="Right" ss:Color="#000000" ss:LineStyle="Continuous" ss:Weight="2" />
    <ss:Border ss:Position="Bottom" ss:Color="#000000" ss:LineStyle="Continuous" ss:Weight="2" />
   </ss:Borders>
   <ss:Font ss:Bold="1" ss:Color="#000000" ss:FontName="Arial" ss:Size="14" />
   <ss:Interior ss:Color="#99CCFF" ss:Pattern="Solid" />
   <ss:NumberFormat ss:Format="@" />
  </Style>
  <Style ss:ID="S72" ss:Parent="S62">
   <ss:Alignment ss:Vertical="Bottom" />
   <ss:Borders>
    <ss:Border ss:Position="Left" ss:Color="#000000" ss:LineStyle="Continuous" ss:Weight="2" />
    <ss:Border ss:Position="Top" ss:Color="#000000" ss:LineStyle="Continuous" ss:Weight="2" />
    <ss:Border ss:Position="Right" ss:Color="#000000" ss:LineStyle="Continuous" ss:Weight="2" />
    <ss:Border ss:Position="Bottom" ss:Color="#000000" ss:LineStyle="Continuous" ss:Weight="2" />
   </ss:Borders>
   <ss:Font ss:Bold="1" ss:Color="#000000" ss:FontName="Arial" ss:Size="14" />
   <ss:Interior ss:Color="#99CCFF" ss:Pattern="Solid" />
  </Style>
  <Style ss:ID="S73" ss:Parent="S62">
   <ss:Alignment ss:Vertical="Bottom" />
   <ss:Borders>
    <ss:Border ss:Position="Left" ss:Color="#000000" ss:LineStyle="Continuous" ss:Weight="2" />
    <ss:Border ss:Position="Top" ss:Color="#000000" ss:LineStyle="Continuous" ss:Weight="2" />
    <ss:Border ss:Position="Right" ss:Color="#000000" ss:LineStyle="Continuous" ss:Weight="2" />
    <ss:Border ss:Position="Bottom" ss:Color="#000000" ss:LineStyle="Continuous" ss:Weight="2" />
   </ss:Borders>
   <ss:Font ss:Bold="1" ss:Color="#000000" ss:FontName="Arial" ss:Size="14" />
   <ss:Interior ss:Color="#99CCFF" ss:Pattern="Solid" />
  </Style>
  <Style ss:ID="S74" ss:Parent="S62">
   <ss:Alignment ss:Vertical="Bottom" />
   <ss:Borders>
    <ss:Border ss:Position="Left" ss:Color="#000000" ss:LineStyle="Continuous" ss:Weight="2" />
    <ss:Border ss:Position="Top" ss:Color="#000000" ss:LineStyle="Continuous" ss:Weight="2" />
    <ss:Border ss:Position="Right" ss:Color="#000000" ss:LineStyle="Continuous" ss:Weight="2" />
    <ss:Border ss:Position="Bottom" ss:Color="#000000" ss:LineStyle="Continuous" ss:Weight="2" />
   </ss:Borders>
   <ss:Font ss:Color="#000000" ss:FontName="Arial" ss:Size="10" />
   <ss:Interior ss:Color="#C0C0C0" ss:Pattern="Solid" />
   <ss:NumberFormat ss:Format="0.0" />
  </Style>
  <Style ss:ID="S75" ss:Parent="S62">
   <ss:Alignment ss:Vertical="Bottom" />
   <ss:Borders>
    <ss:Border ss:Position="Left" ss:Color="#000000" ss:LineStyle="Continuous" ss:Weight="2" />
    <ss:Border ss:Position="Top" ss:Color="#000000" ss:LineStyle="Continuous" ss:Weight="2" />
    <ss:Border ss:Position="Right" ss:Color="#000000" ss:LineStyle="Continuous" ss:Weight="2" />
    <ss:Border ss:Position="Bottom" ss:Color="#000000" ss:LineStyle="Continuous" ss:Weight="2" />
   </ss:Borders>
   <ss:Font ss:Color="#000000" ss:FontName="Arial" ss:Size="10" />
  </Style>
  <Style ss:ID="S76" ss:Parent="S62">
   <ss:Alignment ss:Vertical="Bottom" />
   <ss:Borders>
    <ss:Border ss:Position="Left" ss:Color="#000000" ss:LineStyle="Continuous" ss:Weight="2" />
    <ss:Border ss:Position="Top" ss:Color="#000000" ss:LineStyle="Continuous" ss:Weight="2" />
    <ss:Border ss:Position="Right" ss:Color="#000000" ss:LineStyle="Continuous" ss:Weight="2" />
    <ss:Border ss:Position="Bottom" ss:Color="#000000" ss:LineStyle="Continuous" ss:Weight="2" />
   </ss:Borders>
   <ss:Font ss:Color="#000000" ss:FontName="Arial" ss:Size="10" />
   <ss:Interior ss:Color="#C0C0C0" ss:Pattern="Solid" />
  </Style>
 </Styles>
 <Worksheet ss:Name="Sheet1">
  <ss:Names />
  <ss:Table ss:DefaultRowHeight="14.25" ss:DefaultColumnWidth="48" ss:ExpandedRowCount="16" ss:ExpandedColumnCount="9">
   <Column ss:Index="2" ss:AutoFitWidth="0" ss:Width="141.75" />
   <Column ss:Index="3" ss:AutoFitWidth="0" ss:Width="138" />
   <Column ss:Index="4" ss:AutoFitWidth="0" ss:Width="143.25" />
   <Column ss:Index="5" ss:AutoFitWidth="0" ss:Width="123.75" />
   <Row ss:Index="1" ss:Height="20.25">
    <Cell ss:StyleID="S69"><Data ss:Type="String">Verification Testplan for LC3</Data>
    </Cell>
    <Cell ss:StyleID="S68" />
    <Cell ss:StyleID="S68" />
    <Cell ss:StyleID="S68" />
    <Cell ss:StyleID="S68" />
    <Cell ss:StyleID="S68" />
    <Cell ss:StyleID="S68" />
    <Cell ss:StyleID="S68" />
    <Cell ss:StyleID="S68" />
   </Row>
   <Row ss:Index="2" ss:Height="14.65">
    <Cell ss:StyleID="S70" />
    <Cell ss:StyleID="S68" />
    <Cell ss:StyleID="S68" />
    <Cell ss:StyleID="S68" />
    <Cell ss:StyleID="S68" />
    <Cell ss:StyleID="S68" />
    <Cell ss:StyleID="S68" />
    <Cell ss:StyleID="S68" />
    <Cell ss:StyleID="S68" />
   </Row>
   <Row ss:Index="3" ss:Height="18">
    <Cell ss:StyleID="S71"><Data ss:Type="String">Section</Data>
    </Cell>
    <Cell ss:StyleID="S72"><Data ss:Type="String">Title</Data>
    </Cell>
    <Cell ss:StyleID="S72"><Data ss:Type="String">Description</Data>
    </Cell>
    <Cell ss:StyleID="S72"><Data ss:Type="String">Link</Data>
    </Cell>
    <Cell ss:StyleID="S72"><Data ss:Type="String">Type</Data>
    </Cell>
    <Cell ss:StyleID="S72"><Data ss:Type="String">Weight</Data>
    </Cell>
    <Cell ss:StyleID="S72"><Data ss:Type="String">Goal</Data>
    </Cell>
    <Cell ss:StyleID="S73"><Data ss:Type="String">Manager</Data>
    </Cell>
    <Cell ss:StyleID="S72"><Data ss:Type="String">Priority</Data>
    </Cell>
   </Row>
   <Row ss:Index="4" ss:Height="14.65">
    <Cell ss:StyleID="S64" />
    <Cell ss:StyleID="S66"><Data ss:Type="String">Coverage</Data>
    </Cell>
    <Cell ss:StyleID="S63" />
    <Cell ss:StyleID="S63" />
    <Cell ss:StyleID="S63" />
    <Cell ss:StyleID="S63" />
    <Cell ss:StyleID="S63" />
    <Cell ss:StyleID="S63" />
    <Cell ss:StyleID="S63" />
   </Row>
   <Row ss:Index="5" ss:Height="64.15">
    <Cell ss:StyleID="S65"><Data ss:Type="Number">1</Data>
    </Cell>
    <Cell ss:StyleID="S65"><Data ss:Type="String">LC3 Instruction Coverages</Data>
    </Cell>
    <Cell ss:StyleID="S67" />
    <Cell ss:StyleID="S67" />
    <Cell ss:StyleID="S67" />
    <Cell ss:StyleID="S67"><Data ss:Type="Number">1</Data>
    </Cell>
    <Cell ss:StyleID="S67"><Data ss:Type="Number">100</Data>
    </Cell>
    <Cell ss:StyleID="S67" />
    <Cell ss:StyleID="S67" />
   </Row>
   <Row ss:Index="6" ss:Height="14.65">
    <Cell ss:StyleID="S74"><Data ss:Type="Number">1.1000000000000001</Data>
    </Cell>
    <Cell ss:StyleID="S75"><Data ss:Type="String">Add, And immediate ops</Data>
    </Cell>
    <Cell ss:StyleID="S76"><Data ss:Type="String">all valid immediate ADD, AND instructions</Data>
    </Cell>
    <Cell ss:StyleID="S75"><Data ss:Type="String">add_and_ops_cg::cross_imm_alu_ops</Data>
    </Cell>
    <Cell ss:StyleID="S75"><Data ss:Type="String">Cross</Data>
    </Cell>
    <Cell ss:StyleID="S75"><Data ss:Type="Number">1</Data>
    </Cell>
    <Cell ss:StyleID="S75"><Data ss:Type="Number">100</Data>
    </Cell>
    <Cell ss:StyleID="S76" />
    <Cell ss:StyleID="S76" />
   </Row>
   <Row ss:Index="7" ss:Height="14.65">
    <Cell ss:StyleID="S74"><Data ss:Type="Number">1.20</Data>
    </Cell>
    <Cell ss:StyleID="S75"><Data ss:Type="String">Add, And register ops</Data>
    </Cell>
    <Cell ss:StyleID="S76"><Data ss:Type="String">all valid register ADD, AND instructions</Data>
    </Cell>
    <Cell ss:StyleID="S75"><Data ss:Type="String">add_and_ops_cg::cross_reg_alu_ops</Data>
    </Cell>
    <Cell ss:StyleID="S75"><Data ss:Type="String">Cross</Data>
    </Cell>
    <Cell ss:StyleID="S75"><Data ss:Type="Number">1</Data>
    </Cell>
    <Cell ss:StyleID="S75"><Data ss:Type="Number">100</Data>
    </Cell>
    <Cell ss:StyleID="S76" />
    <Cell ss:StyleID="S76" />
   </Row>
   <Row ss:Index="8" ss:Height="14.65">
    <Cell ss:StyleID="S74"><Data ss:Type="Number">1.30</Data>
    </Cell>
    <Cell ss:StyleID="S75"><Data ss:Type="String">Not ops</Data>
    </Cell>
    <Cell ss:StyleID="S76"><Data ss:Type="String">all valid NOT instructions</Data>
    </Cell>
    <Cell ss:StyleID="S75"><Data ss:Type="String">not_cg::cross_not_ops</Data>
    </Cell>
    <Cell ss:StyleID="S75"><Data ss:Type="String">Cross</Data>
    </Cell>
    <Cell ss:StyleID="S75"><Data ss:Type="Number">1</Data>
    </Cell>
    <Cell ss:StyleID="S75"><Data ss:Type="Number">100</Data>
    </Cell>
    <Cell ss:StyleID="S76" />
    <Cell ss:StyleID="S76" />
   </Row>
   <Row ss:Index="9" ss:Height="14.65">
    <Cell ss:StyleID="S74"><Data ss:Type="Number">1.40</Data>
    </Cell>
    <Cell ss:StyleID="S75"><Data ss:Type="String">Ld, Ldi, Lea ops</Data>
    </Cell>
    <Cell ss:StyleID="S76"><Data ss:Type="String">all valid LD, LDI, LEA instructions</Data>
    </Cell>
    <Cell ss:StyleID="S75"><Data ss:Type="String">loads_cg::cross_ld_ldi_lea_ops</Data>
    </Cell>
    <Cell ss:StyleID="S75"><Data ss:Type="String">Cross</Data>
    </Cell>
    <Cell ss:StyleID="S75"><Data ss:Type="Number">1</Data>
    </Cell>
    <Cell ss:StyleID="S75"><Data ss:Type="Number">100</Data>
    </Cell>
    <Cell ss:StyleID="S76" />
    <Cell ss:StyleID="S76" />
   </Row>
   <Row ss:Index="10" ss:Height="14.65">
    <Cell ss:StyleID="S74"><Data ss:Type="Number">1.50</Data>
    </Cell>
    <Cell ss:StyleID="S75"><Data ss:Type="String">Ldr ops</Data>
    </Cell>
    <Cell ss:StyleID="S76"><Data ss:Type="String">all valid LDR instructions</Data>
    </Cell>
    <Cell ss:StyleID="S75"><Data ss:Type="String">loads_cg::cross_ldr_ops</Data>
    </Cell>
    <Cell ss:StyleID="S75"><Data ss:Type="String">Cross</Data>
    </Cell>
    <Cell ss:StyleID="S75"><Data ss:Type="Number">1</Data>
    </Cell>
    <Cell ss:StyleID="S75"><Data ss:Type="Number">100</Data>
    </Cell>
    <Cell ss:StyleID="S76" />
    <Cell ss:StyleID="S76" />
   </Row>
   <Row ss:Index="11" ss:Height="14.65">
    <Cell ss:StyleID="S74"><Data ss:Type="Number">1.60</Data>
    </Cell>
    <Cell ss:StyleID="S75"><Data ss:Type="String">St, Sti ops</Data>
    </Cell>
    <Cell ss:StyleID="S76"><Data ss:Type="String">all valid ST, STI instructions</Data>
    </Cell>
    <Cell ss:StyleID="S75"><Data ss:Type="String">stores_cg::cross_st_sti_ops</Data>
    </Cell>
    <Cell ss:StyleID="S75"><Data ss:Type="String">Cross</Data>
    </Cell>
    <Cell ss:StyleID="S75"><Data ss:Type="Number">1</Data>
    </Cell>
    <Cell ss:StyleID="S75"><Data ss:Type="Number">100</Data>
    </Cell>
    <Cell ss:StyleID="S76" />
    <Cell ss:StyleID="S76" />
   </Row>
   <Row ss:Index="12" ss:Height="14.65">
    <Cell ss:StyleID="S74"><Data ss:Type="Number">1.70</Data>
    </Cell>
    <Cell ss:StyleID="S75"><Data ss:Type="String">Str ops</Data>
    </Cell>
    <Cell ss:StyleID="S76"><Data ss:Type="String">all valid STR instructions</Data>
    </Cell>
    <Cell ss:StyleID="S75"><Data ss:Type="String">stores_cg::cross_str_ops</Data>
    </Cell>
    <Cell ss:StyleID="S75"><Data ss:Type="String">Cross</Data>
    </Cell>
    <Cell ss:StyleID="S75"><Data ss:Type="Number">1</Data>
    </Cell>
    <Cell ss:StyleID="S75"><Data ss:Type="Number">100</Data>
    </Cell>
    <Cell ss:StyleID="S76" />
    <Cell ss:StyleID="S76" />
   </Row>
   <Row ss:Index="13" ss:Height="14.65">
    <Cell ss:StyleID="S74"><Data ss:Type="Number">1.80</Data>
    </Cell>
    <Cell ss:StyleID="S75"><Data ss:Type="String">Br ops</Data>
    </Cell>
    <Cell ss:StyleID="S76"><Data ss:Type="String">all valid BR instructions</Data>
    </Cell>
    <Cell ss:StyleID="S75"><Data ss:Type="String">control_cg::cross_br_ops</Data>
    </Cell>
    <Cell ss:StyleID="S75"><Data ss:Type="String">Cross</Data>
    </Cell>
    <Cell ss:StyleID="S75"><Data ss:Type="Number">1</Data>
    </Cell>
    <Cell ss:StyleID="S75"><Data ss:Type="Number">100</Data>
    </Cell>
    <Cell ss:StyleID="S76" />
    <Cell ss:StyleID="S76" />
   </Row>
   <Row ss:Index="14" ss:Height="14.65">
    <Cell ss:StyleID="S74"><Data ss:Type="Number">1.90</Data>
    </Cell>
    <Cell ss:StyleID="S75"><Data ss:Type="String">Jmp ops</Data>
    </Cell>
    <Cell ss:StyleID="S76"><Data ss:Type="String">all valid JMP instructions</Data>
    </Cell>
    <Cell ss:StyleID="S75"><Data ss:Type="String">control_cg::cross_jmp_ops</Data>
    </Cell>
    <Cell ss:StyleID="S75"><Data ss:Type="String">Cross</Data>
    </Cell>
    <Cell ss:StyleID="S75"><Data ss:Type="Number">1</Data>
    </Cell>
    <Cell ss:StyleID="S75"><Data ss:Type="Number">100</Data>
    </Cell>
    <Cell ss:StyleID="S76" />
    <Cell ss:StyleID="S76" />
   </Row>
   <Row ss:Index="15">
    <Cell ss:StyleID="S68" />
    <Cell ss:StyleID="S68" />
    <Cell ss:StyleID="S68" />
    <Cell ss:StyleID="S68" />
    <Cell ss:StyleID="S68" />
    <Cell ss:StyleID="S68" />
    <Cell ss:StyleID="S68" />
    <Cell ss:StyleID="S68" />
    <Cell ss:StyleID="S68" />
   </Row>
   <Row ss:Index="16">
    <Cell ss:StyleID="S68" />
    <Cell ss:StyleID="S68" />
    <Cell ss:StyleID="S68" />
    <Cell ss:StyleID="S68" />
    <Cell ss:StyleID="S68" />
    <Cell ss:StyleID="S68" />
    <Cell ss:StyleID="S68" />
    <Cell ss:StyleID="S68" />
    <Cell ss:StyleID="S68" />
   </Row>
  </ss:Table>
  <WorksheetOptions xmlns="urn:schemas-microsoft-com:office:excel">
   <PageSetup>
    <Header x:Margin="0.3" />
    <Footer x:Margin="0.3" />
    <PageMargins x:Top="0.75" x:Bottom="0.75" x:Left="0.7" x:Right="0.7" />
   </PageSetup>
   <Print>
    <PaperSizeIndex>9</PaperSizeIndex>
    <HorizontalResolution>600</HorizontalResolution>
    <VerticalResolution>600</VerticalResolution>
   </Print>
   <Panes>
    <Pane>
     <Number>3</Number>
     <ActiveRow>5</ActiveRow>
     <ActiveCol>7</ActiveCol>
     <RangeSelection>R6C8</RangeSelection>
    </Pane>
   </Panes>
  </WorksheetOptions>
 </Worksheet>
</Workbook>
